en,zh_Hant,variants,note,reviewed
access token,存取權杖,,參照國家教育研究院翻譯：https://terms.naer.edu.tw/detail/edb0778da6e12964146ee84c4a1e957f/  又因為 token 已採用「權杖」作為翻譯，因此這邊也一併使用權杖作為 token 的翻譯,
account,帳號,帳戶,Account Console 譯「帳號主控台」；service account 譯「服務帳號」,
adapter,配接器,,,
assertion,斷言,聲明,SAML 斷言、用戶端斷言、JWT 斷言；「聲明」是 claim 的譯名，不可混用,
attestation,證明,聲明|驗證,裝置／金鑰由製造商簽章證明其型號與來源（WebAuthn attestation、OID4VCI key attestation）；attestation statement 譯「證明聲明」、conveyance preference 譯「證明傳達偏好」；不可譯「驗證」（authentication）或「聲明」（claim）,
attribute,屬性,,,
authentication,驗證,,,
authorization,授權,,,
authorization grant,授權許可,授予授權|授權驗證,OAuth 2.0 authorization grant、JWT Authorization Grant（RFC 7523）,
backchannel,後端通道,後端頻道|反向通道,front-channel 譯「前端通道」,
Birthdate,出生日期,,,
Bluetooth,藍牙,藍芽,,
certificate,憑證,證書,台灣標準用語（自然人憑證、Windows 憑證管理員）,
Certificate Authority,憑證授權單位,,CA；Subject DN 譯「主體 DN」,
Claims,聲明,,,
Client,用戶端,應用程式|客戶端,台灣標準用語（Microsoft、Google 台灣皆用「用戶端」）。不用「應用程式」以免與 application 撞詞,1
client scope,用戶端範圍,應用程式範圍|客戶端範圍,,
client secret,用戶端密鑰,應用程式密鑰|應用程式金鑰|客戶端密鑰|用戶端金鑰,secret 用「密鑰」，與 key（金鑰）、password（密碼）區分；參照 Google 台灣 OAuth 文件,
consent,同意,,使用者對用戶端存取資料的同意,
console,主控台,控制台,Admin Console、Account Console 等；console application 譯「主控台應用程式」（Microsoft 台灣用語）,
cookie,cookie,,,
credential,認證資訊,憑據|驗證資訊,使用者／用戶端的 credential（密碼、OTP、WebAuthn、client credentials）；參照 Windows「認證管理員」。與 certificate（憑證）區分；OID4VC 的 credential 例外譯「憑證」，見 verifiable credential,52
credential issuer,發行者,簽發者|核發者,OID4VC；對齊數位憑證皮夾「發行端」。issue a credential 譯「發行」，issued credentials 譯「已發行的憑證」,
credential offer,憑證領取邀請,憑證提供|發行要約|憑證要約,OID4VCI credential offer；credential offer URI 在登入頁簡稱「領取 URL」,
dark mode,深色模式,暗色模式,light mode 譯「淺色模式」,
default,預設,,,
delegation,委派,委託,user delegation 使用者委派、client delegation 用戶端委派,
descriptor,描述元,描述符,SAML 描述元（descriptor）,
detached signature,分離式簽章,分離簽章,FAPI：ID Token as detached signature,
Direct grant,直接授權,,,
domain,網域,域名,組織網域（organization domain）；realm 是「領域」，勿混用,
domain name,網域名稱,,,
email,電子郵件,電子信箱|電子信件,email address 譯「電子郵件地址」,
event,事件,活動,,
executor,執行器,執行者,用戶端政策（client policies）的 executor，與 condition（條件）搭配,
Extended Key Usage,延伸金鑰用途,擴展金鑰用途,EKU（X.509 擴充欄位）,
Family name,姓氏,,,
federated identity,聯合身分,聯邦身分|聯邦身分識別|同盟身分識別,透過外部身分提供者（IdP）連結的身分，即 identity brokering,
federation,聯合,聯邦|邦聯|聯盟|同盟,User Federation（LDAP、AD 等外部使用者儲存）與 federated identity 都譯「聯合」；參考 AWS 台灣「聯合身分」、Keycloak zh_Hans「联合身份」,
First name,名字,,,
FreeOTP,FreeOTP,,,
friendly name,易記名稱,友好名稱,SAML 屬性 FriendlyName,
Gender,性別,,,
Given name,名字,,,
Google Authenticator,Google Authenticator,,,
Identity Brokering,身分代理,,identity broker 譯「身分代理」,
impersonate,模擬,冒充|身分冒充|仿冒,管理員以其他使用者身分操作（Impersonation）；參照 Google Cloud、Microsoft 繁中文件。simulate 另譯「測試」等，避免混用,
initiated,發起,初始|啟動,client-initiated、IdP-initiated、user-initiated,
instructions,說明,指令,「指令」是 command,
Introspect,內省,檢視,Token Introspection 譯「權杖內省」,
issuer,簽發者,,OID4VC 的 issuer 譯「發行者」（見 credential issuer）,
Kerberos,Kerberos,,,
key,金鑰,秘鑰|鑰匙,加密用的 key；secret 另譯「密鑰」；key-value 的 key 譯「鍵」,23
key attestation,金鑰證明,,OID4VCI；proof 譯「持有證明」,
key pair,金鑰對,金鑰組|鑰匙對|密鑰對,參照 AWS 台灣；JWKS（key set）另譯「金鑰組」不受影響,
keystore,keystore,金鑰庫|密鑰庫,Java 專有名詞不翻譯,
keytab,keytab,金鑰標籤|金鑰頁籤,Kerberos keytab 檔，不翻譯,
Last name,姓氏,,,
Level of Authentication,驗證等級,認證等級,LoA；authentication 譯「驗證」,
lightweight access token,輕量存取權杖,輕量級存取權杖,,
mapper,映射器,映射,mapping 譯「映射」；protocol mapper 譯「協定映射器」,
metadata,元資料,,,
Microsoft Authenticator,Microsoft Authenticator,,,
Mutual TLS,相互 TLS,,常見簡寫為 mTLS,
NFC,NFC,,,0
Parameterized scope,參數化範圍,動態範圍|參數化作用域,,
Passkey,通行金鑰,,翻譯參考： - Google：密碼金鑰 - 1password：通行金鑰 - Amazon：金鑰 - Microsoft：金鑰、安全性金鑰 - Discord：安全性金鑰,
permission,權限,,authorization 譯「授權」,
Phone number,電話號碼|手機號碼,,,
policy,政策,,,
pre-authorized code,預先授權碼,預授權碼,OID4VCI pre-authorized code grant,
priority,優先順序,權重,weight 才譯「權重」,
Privacy policy,隱私權政策,,,
private key,私鑰,私密金鑰|私有金鑰|私人金鑰,簡短且台灣技術文件常見；與公鑰成對,
profile,設定檔,配置檔|配置文件,Keycloak 功能類的 profile：用戶端設定檔（client profile）、使用者設定檔（User Profile 功能）、SAML 服務設定檔。使用者自己的 profile（Update Profile、帳戶頁）譯「個人資料」,28
protocol,協定,,,
provider,提供者,,,
public key,公鑰,公開金鑰|公有金鑰|公用金鑰,簡短且台灣技術文件常見；與私鑰成對,
Pushed Authorization Request,推送授權請求,傳送授權請求,PAR（RFC 9126）,
Realm,領域,,Keycloak 中彼此隔離的管理單位，各自擁有使用者、用戶端、角色與設定；Kerberos realm 同譯「領域」（參照 Microsoft 繁中文件）。不用「域」以免與 domain（網域）混淆,
receiver,接收端,,SSF receiver；transmitter 譯「傳送端」,
record,記錄,,,
recovery code,復原代碼,,,
redirect,重導向,重定向|重新導向|跳轉,redirect URI 譯「重導向 URI」,
refresh,更新|重新整理,,國家教育研究院  https://terms.naer.edu.tw/detail/241d0259db7135b172ae6fafdbd0e10e/?startswith=zh,
Refresh token,更新權杖,,,
relying party,信賴方,依賴方,OIDC RP、WebAuthn RP ID,
remove,移除,,不跟 delete 混用,
required action,必要操作,必要動作|所需操作,使用者登入時必須完成的動作（更新密碼、驗證電子郵件等）,
role,角色,,identity 才譯「身分」,
secret,密鑰,,與 key（金鑰）、password（密碼）區分,
Security Event Token,安全事件權杖,,SET（RFC 8417），SSF 傳送的事件格式,
Session,工作階段,會話|工作狀態|登入階段,台灣產品介面用語（Microsoft、AWS 皆用「工作階段」）；「會話」多見於機器翻譯與簡中,
share,共用,共享|分享,資源共用；Shared Signals Framework 除外（共享訊號框架）,
Shared Signals Framework,共享訊號框架,,SSF；stream 譯「串流」、delivery 譯「傳送」（push 推送／poll 輪詢）、synthetic event 譯「合成事件」,
Signature,簽章,簽名,名詞譯「簽章」；動詞 sign／signed／signing 譯「簽署」（簽署金鑰、已簽署）。參照 https://terms.naer.edu.tw/detail/72201d47c32b83a440af2550421eff52/?startswith=zh&seq=6,
subclaim,子聲明,子宣告,claim 譯「聲明」,
subject,主體,主題,JWT sub、SAML Subject、憑證 Subject DN、SSF 事件主體,
tenant,租戶,,SSF 多租戶主體,
token,權杖,,國家教育研究院 - https://terms.naer.edu.tw/detail/4fc5f9876aec29562f088628e1d8eef9/,
transmitter,傳送端,,SSF transmitter；receiver 譯「接收端」,
truststore,truststore,信任庫|信任儲存庫,Java 專有名詞不翻譯,
unmanaged attribute,未受管理的屬性,無法管理的屬性,User Profile 未定義的屬性,
USB,USB,,,0
user,使用者,,,
user label,使用者標籤,,,
user storage,使用者儲存,使用者存放區,UserStorageProvider 譯「使用者儲存提供者」,
user verification,使用者驗證,使用者認證,WebAuthn UV,
vault,保險庫,資料庫|保存庫,${vault.ID} 取值來源,
verifiable credential,可驗證憑證,可驗證的憑證,OID4VC；參照台灣數位憑證皮夾。VC 功能區塊內單獨出現的 credential 也譯「憑證」,
WebAuthn,WebAuthn,,專有技術名詞不翻譯,0
wildcard,萬用字元,通配符,,
X-Robots-Tag,X-Robots-Tag,,,0
