term,standard,type,variant_found,component,key,line,en,zh_Hant
credential,認證資訊,other,,account-ui,verifiableCredentialsDescription,196,Select the credential for import into your wallet.,選擇要匯入錢包的憑證。
credential,認證資訊,other,,account-ui,verifiableCredentialsConfigAlert,198,Was not able to retrieve the credential configuration.,無法取得憑證設定。
credential,認證資訊,other,,account-ui,verifiableCredentialsSelectionDefault,200,Select a credential configuration.,選擇憑證設定。
credential,認證資訊,other,,admin-ui,credentialScopeName,3914,Credential scope name,憑證範圍名稱
credential,認證資訊,other,,admin-ui,updateCredential,3959,Update credential,更新憑證
credential,認證資訊,other,,admin-ui,selectCredentialScope,3888,Select a credential scope,選擇憑證範圍
credential,認證資訊,other,,admin-ui,issuedCredentials,3892,Issued Credentials,已發行的憑證
credential,認證資訊,other,,admin-ui,noIssuedCredentials,3893,No credentials have been issued yet,尚未發行任何憑證
credential,認證資訊,other,,admin-ui,loadIssuedCredentialsError,3942,Failed to load issued credentials: {{error}},無法載入已發行的憑證：{{error}}
credential,認證資訊,other,,admin-ui,revokeIssuedCredentialTitle,3894,Revoke issued credential?,撤銷已發行的憑證？
credential,認證資訊,other,,admin-ui,revokeIssuedCredentialConfirm,3895,Are you sure you want to revoke this issued credential? This action cannot be undone.,您確定要撤銷這個已發行的憑證嗎？此操作無法復原。
credential,認證資訊,other,,admin-ui,revokeIssuedCredentialSuccess,3896,Issued credential successfully revoked.,已成功撤銷已發行的憑證。
credential,認證資訊,other,,admin-ui,revokeIssuedCredentialError,3897,Failed to revoke issued credential: {{error}},撤銷已發行的憑證時發生錯誤：{{error}}
credential,認證資訊,other,,admin-ui,viewIssuedCredentials,3965,View issued credentials,檢視已發行的憑證
credential,認證資訊,other,,admin-ui,oid4vciEnabledHelp,2182,Enable this option to allow the client to request verifiable credentials from Keycloak's OID4VCI credential endpoint.,啟用此選項以允許用戶端從 Keycloak 的 OID4VCI 憑證端點請求可驗證憑證。
credential,認證資訊,other,,admin-ui,requireRequestEncryptionHelp,3950,"If enabled, encryption is required for credential requests on top of TLS. Wallets must encrypt requests using the supported request encryption metadata.",啟用後，除了 TLS 之外，憑證請求還必須加密。錢包須依照支援的請求加密元資料來加密請求。
credential,認證資訊,other,,admin-ui,requireResponseEncryptionHelp,3952,"If enabled, encryption is required for credential responses on top of TLS. Wallets must provide encryption keys in the credential request.",啟用後，除了 TLS 之外，憑證回應還必須加密。錢包須在憑證請求中提供加密金鑰。
credential,認證資訊,other,,admin-ui,enableDeflateCompressionHelp,3664,"If enabled, the DEF compression algorithm is supported for credential requests. This allows clients to compress their requests to reduce payload size.",啟用後，憑證請求可使用 DEF 壓縮演算法，讓用戶端壓縮請求以減少傳輸量。
credential,認證資訊,other,,admin-ui,batchIssuanceSizeHelp,3665,The maximum number of credentials that can be issued in a single batch request. This helps manage server load and response times.,單次批次請求最多可發行的憑證數量，有助於控制伺服器負載與回應時間。
credential,認證資訊,other,,admin-ui,credentialConfigurationId,2242,Credential Configuration ID,憑證設定 ID
credential,認證資訊,other,,admin-ui,credentialConfigurationIdHelp,2245,The unique identifier for this credential configuration. This ID is used in the credential issuer metadata and credential requests.,此憑證設定的唯一識別碼，會用於憑證發行者元資料及憑證請求中。
credential,認證資訊,other,,admin-ui,credentialIdentifier,2243,Credential Identifier,憑證識別碼
credential,認證資訊,other,,admin-ui,credentialIdentifierHelp,2244,A specific identifier for this credential type. This can be used to distinguish between different variants of the same credential type.,此憑證類型的專屬識別碼，可用來區分同一憑證類型的不同變體。
credential,認證資訊,other,,admin-ui,credentialOfferRequiredHelp,3911,The Issuer requires a credential offer for this credential configuration.,發行者要求此憑證設定必須透過憑證領取邀請發行。
credential,認證資訊,other,,admin-ui,credentialLifetime,2248,Credential Lifetime,憑證效期
credential,認證資訊,other,,admin-ui,credentialLifetimeHelp,2249,"The lifetime of the issued credential. After this time, the credential will expire and cannot be refreshed. The wallet can refresh the credential to obtain a new VC as long as this lifetime has not been exceeded.",已發行憑證的效期。超過此時間後，憑證將會過期且無法再更新。在效期內，錢包可以更新憑證以取得新的 VC。
credential,認證資訊,other,,admin-ui,bindingRequiredHelp,3759,"If enabled, this credential configuration requires cryptographic holder binding and corresponding proofs. If disabled, no cryptographic binding is required and related metadata will be omitted.",啟用後，此憑證設定需要以密碼學方式綁定持有者，並提供對應的持有證明。停用時則不需要密碼學綁定，相關的元資料也會省略。
credential,認證資訊,other,,admin-ui,cryptographicBindingMethodsSupportedHelp,3917,"Comma-separated list of representations of the cryptographic key material the credential will be bound to (for example: jwk for JWT/SD-JWT VC or cose_key for ISO mDoc). If empty, no cryptographic binding methods will be advertised.",以逗號分隔的清單，列出憑證要綁定的密碼學金鑰表示方式（例如 JWT／SD-JWT VC 用 jwk，ISO mDoc 用 cose_key）。留空則不公告任何密碼學綁定方式。
credential,認證資訊,other,,admin-ui,credentialRefreshInterval,3912,Credential Refresh Interval,憑證更新間隔
credential,認證資訊,other,,admin-ui,credentialRefreshIntervalHelp,3913,"How often the wallet should refresh the credential. The actual VC returned to the wallet will have its expiration set to this interval. The refresh token remains valid for the full credential lifetime, allowing regular renewal. If not set, defaults to 7 days or the credential lifetime, whichever is smaller.",錢包更新憑證的頻率。發給錢包的 VC 會以此間隔作為到期時間；更新權杖則在整個憑證效期內都有效，以便定期更新。未設定時，預設為 7 天與憑證效期兩者中較短者。
credential,認證資訊,other,,admin-ui,refreshIntervalCannotExceedLifetime,3948,Credential refresh interval ({{interval}}) cannot exceed credential lifetime ({{lifetime}}). The refresh token expires with the credential lifetime.,憑證更新間隔（{{interval}}）不能超過憑證效期（{{lifetime}}），因為更新權杖會隨憑證效期到期。
credential,認證資訊,other,,admin-ui,credentialDisplay,3618,Credential Display,憑證顯示資訊
credential,認證資訊,other,,admin-ui,credentialSigningAlgorithm,3679,Credential Signing Algorithm,憑證簽章演算法
credential,認證資訊,other,,admin-ui,credentialSigningAlgorithmHelp,3680,"Signing algorithm used to select the active realm key for signing credentials (e.g., ""ES256""). If not specified, the active key will be selected using the realm's default algorithm. This option is disabled if a specific 'Signing Key ID' is selected.",用來挑選領域中作用中的金鑰以簽署憑證的簽章演算法（例如「ES256」）。如果未指定，會依領域的預設演算法選擇作用中的金鑰。若已選擇特定的「簽署金鑰 ID」，此選項將停用。
credential,認證資訊,other,,admin-ui,hashAlgorithmHelp,3678,"Hash algorithm used for SD-JWT credentials (for example ""SHA-256""). Defaults to ""SHA-256"" if not specified.",用於 SD-JWT 憑證的雜湊演算法（例如「SHA-256」）。未指定時預設為「SHA-256」。
credential,認證資訊,other,,admin-ui,supportedCredentialTypes,3620,Supported Credential Types,支援的憑證類型
credential,認證資訊,other,,admin-ui,supportedCredentialTypesHelp,3621,"Comma-separated list of credential types (e.g., ""VerifiableCredential,UniversityDegreeCredential""). Used in the credential definition for JWT VC and SD-JWT formats. When this option is not configured, the name of the client scope will be used as a 'type' claim of the corresponding credential.","以逗號分隔的憑證類型清單（例如「VerifiableCredential,UniversityDegreeCredential」），用於 JWT VC 與 SD-JWT 格式的憑證定義。未設定時，會以用戶端範圍的名稱作為對應憑證的「type」聲明。"
credential,認證資訊,other,,admin-ui,verifiableCredentialTypeHelp,3623,The credential type identifier for SD-JWT and ISO mDoc format credentials. This value is used in the vct claim of an issued SD-JWT credential and as the doctype of an issued ISO mDoc credential. Required for SD-JWT and ISO mDoc formats.,SD-JWT 與 ISO mDoc 格式憑證的憑證類型識別碼。此值會寫入已發行 SD-JWT 憑證的 vct 聲明，以及已發行 ISO mDoc 憑證的 doctype。SD-JWT 與 ISO mDoc 格式必須填寫。
credential,認證資訊,other,,admin-ui,tokenJwsTypeFormatWarning,3958,The configured Token JWS Type does not match the recommended value for the selected credential format. Recommended value: {{recommended}}.,設定的權杖 JWS 類型與所選憑證格式的建議值不符。建議值：{{recommended}}。
credential,認證資訊,other,,admin-ui,signingKeyIdHelp,3629,"Optional. The ID of the realm key used to sign the credential. If not specified, the realm's active signing key of the algorithm specified by 'Credential Signing Algorithm' (if set) will be used automatically. If a specific key is selected here, the 'Credential Signing Algorithm' option will be disabled and automatically set to the key's algorithm.",選填。用於簽署憑證的領域金鑰 ID。如果未指定，會自動使用領域目前作用中、且演算法為「憑證簽章演算法」（如已設定）所指定的簽署金鑰。如果在此選擇特定金鑰，「憑證簽章演算法」選項將會停用，並自動設定為該金鑰的演算法。
credential,認證資訊,other,,theme-baseaccount,credentialIssuanceError,381,Failed to request credential issuance,請求發行憑證失敗
credential,認證資訊,other,,theme-baseaccount,deleteCredential,382,Delete Credential,刪除憑證
credential,認證資訊,other,,theme-baseaccount,deleteCredentialConfirm,383,"Are you sure you want to revoke the credential ""{{credentialName}}""?",您確定要撤銷憑證「{{credentialName}}」嗎？
credential,認證資訊,other,,theme-baseaccount,credentialScopeName,384,Credential Type,憑證類型
credential,認證資訊,other,,theme-baseaccount,viewIssuedCredentials,393,View Issued Credentials,檢視已發行憑證
credential,認證資訊,other,,theme-baseaccount,revokeIssuedCredentialTitle,395,Revoke Issued Credential,撤銷已發行憑證
credential,認證資訊,other,,theme-baseaccount,deleteIssuedCredentialConfirm,396,Are you sure you want to revoke the issued credential?,您確定要撤銷已發行的憑證嗎？
credential,認證資訊,other,,theme-baseaccount,issuedCredentialRevokeSuccess,397,Revoke Issued Credential Success,已成功撤銷已發行憑證
credential,認證資訊,other,,theme-baseaccount,issuedCredentialRevokeError,398,Cannot Revoke Issued Credential,無法撤銷已發行憑證
credential,認證資訊,other,,theme-baseaccount,issuedCredentials,399,Issued Credentials,已發行憑證
credential,認證資訊,other,,theme-baseaccount,noIssuedCredentials,403,No Issued Credentials,沒有已發行憑證
key,金鑰,other,,account-ui,clientDescriptionHelp,46,Specifies description of the client. For example 'My Client for TimeSheets'. Supports keys for localized values as well. For example: ${my_client_description},用戶端的說明，例如「我的工時表用戶端」。也可以填入在地化訊息的鍵，顯示時會換成對應語言的文字，例如：${my_client_description}
key,金鑰,other,,admin-ui,clientDescriptionHelp,161,Specifies description of the client. For example 'My Client for TimeSheets'. Supports keys for localized values as well. For example: ${my_client_description}.,用戶端的說明，例如「我的工時表用戶端」。也可以填入在地化訊息的鍵，顯示時會換成對應語言的文字，例如：${my_client_description}。
key,金鑰,other,,admin-ui,enableClientSignatureRequired,2004,"Enable ""{{key}}""?",啟用「{{key}}」？
key,金鑰,other,,admin-ui,searchUserByAttributeMissingKeyError,2217,Specify an attribute key,指定屬性鍵
key,金鑰,other,,admin-ui,jwtAuthorizationGrantAudienceHelp,4018,Custom audience mapping for the JWT Authorization Grant. The key is the Identity Provider alias and the value is the custom audience enforced for this provider.,JWT 授權許可的自訂受眾映射。鍵為身分提供者別名，值為對此提供者強制使用的自訂受眾。
key,金鑰,other,,admin-ui,disableSigningExplain,2380,"If you disable ""{{key}}"", the Keycloak database will be updated and you may need to download a new adapter for this client.",如果您停用「{{key}}」，Keycloak 將會更新資料庫，您可能需要為此用戶端下載新的配接器。
key,金鑰,other,,admin-ui,webAuthnPolicyResidentKeyHelp,4251,Tells the authenticator to what extent a discoverable credential (resident key) is desired when registering. Replaces and takes precedence over the deprecated 'Require discoverable credential' option.,告訴驗證器註冊時對可探索認證資訊（resident key）的需求程度。此選項取代已棄用的「要求可探索認證資訊」選項，且優先於該選項。
key,金鑰,other,,admin-ui,keyTab,1778,Key tab,Keytab
key,金鑰,other,,admin-ui,missingAttributes,1129,"No {{label}} have been defined yet. Click the below button to add {{label}}, key and value are required for a key pair.",尚未定義任何 {{label}}。請點選下方按鈕新增 {{label}}，每組鍵值對都必須填寫鍵與值。
key,金鑰,other,,admin-ui,searchUserByAttributeKeyAlreadyInUseError,2624,Attribute key already in use,屬性鍵已在使用中
key,金鑰,other,,admin-ui,kerberosKeyTab,2056,Kerberos Key Tab,Kerberos keytab
key,金鑰,other,,admin-ui,keyPlaceholder,1009,Type a key,輸入一個鍵
key,金鑰,other,,admin-ui,searchUserByAttributeDescription,1529,It supports setting multiple attributes as the search filter by setting different keys or values. Only one value can be typed for a key.,可透過設定不同的鍵或值，將多個屬性設為搜尋篩選條件。每個鍵只能輸入一個值。
key,金鑰,other,,admin-ui,attributeDisplayNameHelp,1902,Display name for the attribute. Supports keys for localized values as well. For example: ${profile.attribute.phoneNumber}. Hit the 'Globe Route' icon to add translations.,屬性的顯示名稱。也可以填入在地化訊息的鍵，顯示時會換成對應語言的文字，例如：${profile.attribute.phoneNumber}。按下「地球」圖示即可新增翻譯。
key,金鑰,other,,admin-ui,validateKeyTab,2866,You must enter a key tab,您必須輸入 KeyTab
key,金鑰,other,,admin-ui,selectOrTypeAKey,1010,Select or type a key,選擇或輸入一個鍵
key,金鑰,other,,admin-ui,displayHeaderHintHelp,1940,A user-friendly name for the group that should be used when rendering a group of attributes in user-facing forms. Supports keys for localized values as well. For example: ${profile.attribute.group.address}.,在使用者看到的表單中顯示這組屬性時所用的名稱，應淺顯易懂。也可以填入在地化訊息的鍵，顯示時會換成對應語言的文字，例如：${profile.attribute.group.address}。
key,金鑰,other,,admin-ui,privateRSAKey,3035,Private RSA Key,RSA 私鑰
key,金鑰,other,,admin-ui,keyError,1317,A key must be provided.,必須提供鍵。
key,金鑰,other,,admin-ui,dragHelp,3125,"Press space or enter to begin dragging, and use the arrow keys to navigate up or down. Press enter to confirm the drag, or any other key to cancel the drag operation.",按空格或 Enter 鍵開始拖曳，並使用方向鍵向上或向下導覽。按 Enter 鍵確認拖曳，或按其他任意鍵取消拖曳操作。
key,金鑰,other,,admin-ui,clientNameHelp,160,Specifies display name of the client. For example 'My Client'. Supports keys for localized values as well. For example: ${my_client}.,用戶端的顯示名稱，例如「我的用戶端」。也可以填入在地化訊息的鍵，顯示時會換成對應語言的文字，例如：${my_client}。
key,金鑰,other,,admin-ui,realmDisplayNameHelp,3780,Display name of the realm. Supports the ${key} syntax to reference a localization key from the realm's message bundle.,領域的顯示名稱。支援 ${key} 語法，可用於引用來自領域訊息包的在地化鍵值。
key,金鑰,other,,admin-ui,inputOptionLabelsI18nPrefix,1338,Internationalization key prefix,國際化鍵前綴
key,金鑰,other,,admin-ui,privateRSAKeyHelp,3389,Private RSA Key encoded in PEM format,以 PEM 格式編碼的 RSA 私鑰
key,金鑰,other,,admin-ui,disableSigning,3395,"Disable ""{{key}}""",停用「{{key}}」
key,金鑰,other,,admin-ui,keyLabel,3430,Key,鍵
key,金鑰,other,,admin-ui,deleteMessageBundle,1359,Delete message bundle {{key}},刪除訊息包 {{key}}
key,金鑰,other,,admin-ui,translationKey,1920,Key,鍵
key,金鑰,other,,theme-baseadmin,workflowConditionAttributeNotSet,114,Expected ''key:value'' pair is not set.,未設定預期的「key:value」鍵值對。
key,金鑰,other,,theme-baseadmin,workflowConditionAttributeInvalid,115,Error reading key-value pair {0}. Expected format ''key:value''.,讀取鍵值對 {0} 時發生錯誤。預期格式為「key:value」。
profile,設定檔,other,,account-ui,profileScopeConsentText,201,User profile,使用者個人資料
profile,設定檔,other,,admin-ui,eventTypes.VERIFY_PROFILE_ERROR.name,506,Verify profile error,驗證個人資料發生錯誤
profile,設定檔,other,,admin-ui,eventTypes.UPDATE_PROFILE.description,540,Update profile,更新個人資料
profile,設定檔,other,,admin-ui,socialProfileJSONFieldPathHelp,2385,Path of field in Social Provider User Profile JSON data to get value from. You can use dot notation for nesting and square brackets for array index. E.g. 'contact.address[0].country'.,社群提供者使用者個人資料 JSON 資料中要取值的欄位路徑。可使用點號表示巢狀結構，並用方括號表示陣列索引，例如「contact.address[0].country」。
profile,設定檔,other,,admin-ui,oidcAttributeImporter,2593,"Import declared claim if it exists in ID, access token, or the claim set returned by the user profile endpoint into the specified user property or attribute.",若 ID 權杖、存取權杖或使用者資訊端點回傳的聲明集中有所宣告的聲明，將其匯入指定的使用者欄位或屬性。
profile,設定檔,other,,admin-ui,UPDATE_PROFILE,2471,Update Profile (UPDATE_PROFILE),更新個人資料（UPDATE_PROFILE）
profile,設定檔,other,,admin-ui,eventTypes.UPDATE_PROFILE_ERROR.description,568,Update profile error,更新個人資料時發生錯誤
profile,設定檔,other,,admin-ui,eventTypes.VERIFY_PROFILE.description,570,Verify profile,驗證個人資料
profile,設定檔,other,,admin-ui,policyUrlHelp,1264,URL that the Relying Party Client provides to the End-User to read about the how the profile data will be used,信賴方用戶端提供給終端使用者的 URL，用於說明個人資料的使用方式
profile,設定檔,other,,admin-ui,eventTypes.VERIFY_PROFILE.name,580,Verify profile,驗證個人資料
profile,設定檔,other,,admin-ui,socialProfileJSONFieldPath,2773,Social Profile JSON Field Path,社交資料 JSON 欄位路徑
profile,設定檔,other,,admin-ui,updateFirstLoginHelp,1304,Update profile on first login,首次登入時更新個人資料
profile,設定檔,other,,admin-ui,attributeDisplayNameHelp,1902,Display name for the attribute. Supports keys for localized values as well. For example: ${profile.attribute.phoneNumber}. Hit the 'Globe Route' icon to add translations.,屬性的顯示名稱。也可以填入在地化訊息的鍵，顯示時會換成對應語言的文字，例如：${profile.attribute.phoneNumber}。按下「地球」圖示即可新增翻譯。
profile,設定檔,other,,admin-ui,displayHeaderHintHelp,1940,A user-friendly name for the group that should be used when rendering a group of attributes in user-facing forms. Supports keys for localized values as well. For example: ${profile.attribute.group.address}.,在使用者看到的表單中顯示這組屬性時所用的名稱，應淺顯易懂。也可以填入在地化訊息的鍵，顯示時會換成對應語言的文字，例如：${profile.attribute.group.address}。
profile,設定檔,other,,admin-ui,eventTypes.UPDATE_PROFILE_ERROR.name,654,Update profile error,更新個人資料發生錯誤
profile,設定檔,other,,admin-ui,requiredUserActionsHelp,1575,Require an action when the user logs in. 'Verify email' sends an email to the user to verify that user's email address. 'Update profile' requires the user to enter new personal information. 'Update password' requires the user to enter a new password. 'Configure OTP' requires setup of a mobile password generator.,在使用者登入時要求執行某個操作。「驗證電子郵件」會傳送一封電子郵件給使用者以驗證其電子郵件地址。「更新個人資料」要求使用者輸入新的個人資訊。「更新密碼」要求使用者輸入新密碼。「設定 OTP」要求設定行動密碼產生器。
profile,設定檔,other,,admin-ui,eventTypes.UPDATE_PROFILE.name,670,Update profile,更新個人資料
profile,設定檔,other,,admin-ui,eventTypes.VERIFY_PROFILE_ERROR.description,706,Verify profile error,驗證個人資料時發生錯誤
profile,設定檔,other,,admin-ui,role_view-profile,3716,View profile,檢視個人資料
profile,設定檔,other,,theme-baseaccount,profileScopeConsentText,65,User profile,使用者個人資料
profile,設定檔,other,,theme-baseaccount,role_view-profile,90,View profile,檢視個人資料
profile,設定檔,other,,theme-baseemail,requiredAction.UPDATE_PROFILE,51,Update Profile,更新個人資料
profile,設定檔,other,,theme-baselogin,profileScopeConsentText,109,User profile,使用者個人資料
profile,設定檔,other,,theme-baselogin,role_view-profile,189,View profile,檢視個人資料
profile,設定檔,other,,theme-baselogin,confirmLinkIdpReviewProfile,263,Review profile,檢視個人資料
profile,設定檔,other,,theme-baselogin,updateProfileMessage,268,You need to update your user profile to activate your account.,您需要更新個人資料以啟用帳號。
profile,設定檔,other,,theme-baselogin,requiredAction.UPDATE_PROFILE,358,Update Profile,更新個人資料
profile,設定檔,other,,theme-baselogin,requiredAction.VERIFY_PROFILE,498,Verify Profile,驗證個人資料
email,電子郵件,other,,admin-ui,userAttributeName,973,"User attribute name to store SAML attribute. Use email, lastName, and firstName to map to those predefined user properties.",用於儲存 SAML 屬性的使用者屬性名稱。使用 email、lastName 和 firstName 對應到這些預定義的使用者屬性。
email,電子郵件,other,,admin-ui,userModelAttributeHelp,2386,"Name of the UserModel property or attribute you want to map the LDAP attribute into. For example 'firstName', 'lastName, 'email', 'street' etc.",您要將 LDAP 屬性映射到的 UserModel 特性（property）或屬性名稱。例如「firstName」、「lastName」、「email」、「street」等。
email,電子郵件,other,,admin-ui,usermodel.prop.tooltip,1015,"Name of the property method in the UserModel interface. For example, a value of 'email' would reference the UserModel.getEmail() method.",UserModel 介面中屬性方法的名稱。例如，「email」將引用 UserModel.getEmail() 方法。
email,電子郵件,other,,admin-ui,ssfUserSubjectFormat.email,4229,email,email
email,電子郵件,other,,admin-ui,ssfUserSubjectFormat.complex.email+tenant,4227,complex(email + tenant organization),complex（email + 租戶組織）
email,電子郵件,other,,admin-ui,credentialOfferEmailSuccess,3900,Credential offer email sent successfully.,已成功寄出憑證領取邀請信。
email,電子郵件,other,,admin-ui,credentialOfferEmailError,3901,Failed to send email with credential offer,寄送憑證領取邀請信失敗
email,電子郵件,other,,theme-baselogin,emailUpdateConfirmationSentTitle,50,Confirmation email sent,確認郵件已寄出
email,電子郵件,other,,theme-baselogin,emailVerifyInstruction2,154,Haven''t received a verification code in your email?,尚未收到驗證碼？
email,電子郵件,other,,theme-baselogin,emailVerifyInstruction3,155,to re-send the email.,以重新寄送郵件。
email,電子郵件,other,,theme-baselogin,emailVerifyResend,157,Re-send verification email,重新寄送驗證郵件
email,電子郵件,other,,theme-baselogin,emailVerifySend,158,Send verification email,寄送驗證郵件
email,電子郵件,other,,theme-baselogin,emailVerifySendCooldown,491,You must wait {0} seconds before resending the verification email.,請等待 {0} 秒後再重新寄送驗證郵件。
email,電子郵件,other,,theme-baselogin,emailLinkIdp1,160,An email with instructions to link {0} account {1} with your {2} account has been sent to you.,我們已寄送一封郵件給您，說明如何將 {0} 帳號 {1} 連結至您的 {2} 帳號。
email,電子郵件,other,,theme-baselogin,emailLinkIdp2,161,Haven''t received the email?,尚未收到郵件？
email,電子郵件,other,,theme-baselogin,emailLinkIdp3,162,to re-send the email.,以重新寄送郵件。
email,電子郵件,other,,theme-baselogin,emailSentMessage,274,You should receive an email shortly with further instructions.,您稍後將收到包含進一步說明的郵件。
email,電子郵件,other,,theme-baselogin,console-email-code,378,Email Code:,驗證碼：
active,作用中,other,,admin-ui,groupObjectClassesHelp,2269,"Object class (or classes) of the group object. It is divided by commas if more classes are needed. In a typical LDAP deployment, it could be 'groupOfNames'. In Active Directory, it is usually 'group'.",群組物件的物件類別。如果需要更多類別，則以逗號分隔。在典型的 LDAP 部署中，它可能是「groupOfNames」。在 Active Directory 中，通常是「group」。
active,作用中,other,,admin-ui,roleObjectClassesHelp,2587,"Object class (or classes) of the role object. It is divided by commas if more classes are needed. In a typical LDAP deployment, it could be 'groupOfNames'. In Active Directory, it is usually 'group'.",角色物件的物件類別。如果需要更多類別，則以逗號分隔。在典型的 LDAP 部署中，它可能是「groupOfNames」。在 Active Directory 中，通常是「group」。
active,作用中,other,,admin-ui,rdnLdapAttributeHelp,2018,"Name of the LDAP attribute, which is used as the RDN (top attribute) of a typical user DN. It is typically the same attribute as the Username LDAP attribute; however, it is not required. For example, in Active directory, it is common to use 'cn' as the RDN attribute when the username attribute might be 'sAMAccountName'.",在典型的使用者 DN 中作為 RDN（頂層屬性）的 LDAP 屬性名稱。通常與使用者名稱 LDAP 屬性相同，但並非必要。例如，在 Active Directory 中，通常會使用「cn」作為 RDN 屬性，而使用者名稱屬性可能是「sAMAccountName」。
active,作用中,other,,admin-ui,usernameLdapAttributeHelp,2063,"Name of the LDAP attribute, which is mapped as Keycloak username. For many LDAP server vendors it can be 'uid'. For Active directory it can be 'sAMAccountName' or 'cn'. The attribute should be filled for all LDAP user records you want to import from LDAP to Keycloak.",LDAP 屬性名稱，對應到 Keycloak 使用者名稱。對於許多 LDAP 伺服器供應商來說，它可以是「uid」。對於 Active Directory，它可以是「sAMAccountName」或「cn」。您想要從 LDAP 匯入到 Keycloak 的所有 LDAP 使用者記錄都應該填寫此屬性。
active,作用中,other,,admin-ui,userRolesRetrieveStrategyHelp,3072,Specify how to retrieve roles of user. LOAD_ROLES_BY_MEMBER_ATTRIBUTE means that roles fo user will be retrieved by sending LDAP query to retrieve all roles where 'member' is our user. GET_ROLES_FROM_USER_MEMBEROF means that roles of user will be retrieved from 'memberOf' attribute of our user. Or from the other attributes specified by 'Member-Of LDAP Attribute'. LOAD_ROLES_BY_MEMBER_ATTRIBUTE is applicable just in Active Directory and it means that roles of user will be retrieved recursively with usage of LDAP_MATCHING_RULE_IN_CHAIN LDAP extension.,指定如何取得使用者的角色。LOAD_ROLES_BY_MEMBER_ATTRIBUTE 表示會傳送 LDAP 查詢，取得所有「member」為該使用者的角色。GET_ROLES_FROM_USER_MEMBEROF 表示會從該使用者的「memberOf」屬性，或「Member-Of LDAP 屬性」所指定的其他屬性中取得使用者的角色。LOAD_ROLES_BY_MEMBER_ATTRIBUTE 僅適用於 Active Directory，表示會使用 LDAP_MATCHING_RULE_IN_CHAIN LDAP 擴充遞迴取得使用者的角色。
active,作用中,other,,admin-ui,userFederationExplain,72,"User federation provides access to external databases and directories, such as LDAP and Active Directory.",使用者聯合可存取外部資料庫和目錄，例如 LDAP 和 Active Directory。
active,作用中,other,,admin-ui,uuidLdapAttributeHelp,2107,"Name of the LDAP attribute, which is used as a unique object identifier (UUID) for objects in LDAP. For many LDAP server vendors, it is 'entryUUID'; however some are different. For example, for Active directory it should be 'objectGUID'. If your LDAP server does not support the notion of UUID, you can use any other attribute that is supposed to be unique among LDAP users in tree. For example 'uid' or 'entryDN'.",LDAP 屬性的名稱，用於作為 LDAP 中物件的唯一物件識別碼 (UUID)。對於許多 LDAP 伺服器供應商來說，它是「entryUUID」；然而有些則不同。例如，對於 Active Directory，它應該是「objectGUID」。如果您的 LDAP 伺服器不支援 UUID 的概念，您可以使用任何其他屬性，該屬性應該在 LDAP 使用者樹中是唯一的。例如「uid」或「entryDN」。
active,作用中,other,,theme-baseaccount,federatedIdentityLinkNotActiveMessage,188,This identity is not active anymore.,此身分已不再有效。
active,作用中,other,,theme-baseaccount,activeFilters,253,Active filters,已套用的篩選條件
active,作用中,other,,theme-baselogin,sessionNotActiveMessage,322,Session not active.,工作階段已失效。
user,使用者,other,,admin-ui,loggedInAsTempAdminUser,209,"You are logged in as a temporary admin user. To harden security, create a permanent admin account and delete the temporary one.",您目前以臨時管理員帳號登入。為了加強安全性，請建立永久管理員帳號並刪除此臨時帳號。
user,使用者,other,,admin-ui,temporaryAdmin,1213,Temporary admin user account. Ensure it is replaced with a permanent admin user account as soon as possible.,臨時管理員帳號。請確保儘快將其替換為永久管理員帳號。
user,使用者,other,,theme-baseemail,eventUserDisabledByTemporaryLockoutSubject,42,User disabled by temporary lockout,帳號已被暫時鎖定
user,使用者,other,,theme-baseemail,eventUserDisabledByTemporaryLockoutBody,43,Your user has been disabled temporarily because of multiple failed attempts on {0}. Please contact an administrator if needed.,您的帳號因在 {0} 多次登入失敗而被暫時停用。如有需要，請聯絡系統管理員。
user,使用者,other,,theme-baseemail,eventUserDisabledByTemporaryLockoutHtml,44,<p>Your user has been disabled temporarily because of multiple failed attempts on {0}. Please contact an administrator if needed.</p>,<p>您的帳號因在 {0} 多次登入失敗而被暫時停用。如有需要，請聯絡系統管理員。</p>
user,使用者,other,,theme-baseemail,eventUserDisabledByPermanentLockoutSubject,45,User disabled by permanent lockout,帳號已被永久鎖定
user,使用者,other,,theme-baseemail,eventUserDisabledByPermanentLockoutBody,46,Your user has been disabled permanently because of multiple failed attempts on {0}. Please contact an administrator.,您的帳號因在 {0} 多次登入失敗而被永久停用。請聯絡系統管理員。
user,使用者,other,,theme-baseemail,eventUserDisabledByPermanentLockoutHtml,47,<p>Your user has been disabled permanently because of multiple failed attempts on {0}. Please contact an administrator.</p>,<p>您的帳號因在 {0} 多次登入失敗而被永久停用。請聯絡系統管理員。</p>
user,使用者,other,,theme-baselogin,updateProfileMessage,268,You need to update your user profile to activate your account.,您需要更新個人資料以啟用帳號。
user,使用者,other,,theme-baselogin,userDeletedSuccessfully,475,User deleted successfully,帳號已成功刪除
authentication,驗證,other,,account-ui,recovery-authn-code,188,My recovery authentication codes,我的復原代碼
authentication,驗證,other,,account-ui,recovery-authn-codes-display-name,189,Recovery authentication codes,復原代碼
authentication,驗證,other,,theme-baseaccount,authenticatorBackupCodesSetupTitle,306,Recovery Authentication Codes Setup,復原代碼設定
authentication,驗證,other,,theme-baseaccount,generateNewBackupCodes,310,Generate New Recovery Authentication Codes,產生新的復原代碼
authentication,驗證,other,,theme-baselogin,recovery-authn-codes-display-name,408,Recovery Authentication Code,復原代碼
authentication,驗證,other,,theme-baselogin,recovery-authn-codes-help-text,409,Enter a recovery authentication code from a previously generated list.,輸入先前產生的復原代碼。
authentication,驗證,other,,theme-baselogin,auth-recovery-code-header,412,Login with a recovery authentication code,使用復原代碼登入
authentication,驗證,other,,theme-baselogin,recovery-codes-error-invalid,413,Invalid recovery authentication code,復原代碼無效
authentication,驗證,other,,theme-baselogin,recovery-code-config-header,414,Recovery Authentication Codes,復原代碼
authorization,授權,other,,admin-ui,clientSecretAuthenticationAllowedMethodHelp,3672,"Allowed method for client secret authentication. If set to client_secret_basic, then client secret needs to be sent in the HTTP 'Authorization: Basic' header when authenticating this client. When set to client_secret_post, then client secret needs to be sent as a parameter in the request body together with client_id. When empty, both Authorization header and request body parameters are allowed.",用戶端密鑰驗證允許使用的方法。如果設定為 client_secret_basic，則在對該用戶端進行驗證時，需要在 HTTP 的「Authorization: Basic」標頭中傳送用戶端密鑰。如果設定為 client_secret_post，則需要在請求正文中將用戶端密鑰與 client_id 一起作為參數傳送。如果設定為空，則允許同時使用 Authorization 標頭和請求正文參數。
authorization,授權,other,,admin-ui,ssfPushAuthorizationHeader,4131,Push Authorization Header,推送 Authorization 標頭
authorization,授權,other,,admin-ui,ssfPushAuthorizationHeaderHelp,4132,'Authorization' header value expected to be sent by SSF Transmitters when Push delivery via HTTP is used.,使用 HTTP 推送傳送時，預期 SSF 傳送端送出的「Authorization」標頭值。
authorization,授權,other,,admin-ui,ssfStreamPollEndpointUrlHelp,4171,Transmitter-hosted URL the receiver POSTs to in order to pull pending Security Event Tokens (RFC 8936). The receiver authenticates with its own bearer token; no transmitter-side authorization header is configured.,由傳送端提供的 URL，接收端以 POST 呼叫此 URL 來拉取待處理的安全事件權杖（RFC 8936）。接收端使用自己的 bearer 權杖進行驗證，傳送端不需設定 Authorization 標頭。
authorization,授權,other,,admin-ui,ssfStreamPushAuthHeader,4172,Push Authorization header,推送 Authorization 標頭
authorization,授權,other,,admin-ui,ssfStreamPushAuthHeaderHelp,4173,Value sent in the Authorization request header on every push (for example a bearer token) as is.,每次推送時原樣放在 Authorization 請求標頭中送出的值（例如 bearer 權杖）。
provider,提供者,other,,admin-ui,unlinkAccountConfirm,881,Are you sure you want to permanently unlink this account from {{provider}}?,您確定要永久解除此帳號與 {{provider}} 的連結嗎？
provider,提供者,other,,admin-ui,linkAccountTitle,2627,Link account to {{provider}},將帳號連結到 {{provider}}
provider,提供者,other,,admin-ui,unlinkAccountTitle,1550,Unlink account from {{provider}}?,確定要解除與 {{provider}} 的帳號連結嗎？
provider,提供者,other,,admin-ui,themeColorInfo,1478,"Here you can set the patternfly color variables and create a ""theme jar"" file that you can download and put in your providers folder to apply the theme to your realm.",您可以在此設定 PatternFly 顏色變數並建立「主題 jar」檔案，下載後放入 providers 資料夾，即可將主題套用到您的領域。
Realm,領域,other,,admin-ui,idpInitiatedSsoUrlNameHelp,2585,URL fragment name to reference client when you want to do IDP Initiated SSO. Leaving this empty will disable IDP Initiated SSO. The URL you will reference from your browser will be: {server-root}/realms/{realm}/protocol/saml/clients/{client-url-name}.,在您要進行 IDP 發起的 SSO 時，用來參照用戶端的 URL 片段名稱。留空將停用 IDP 發起的 SSO。您從瀏覽器參照的 URL 為：{server-root}/realms/{realm}/protocol/saml/clients/{client-url-name}。
Realm,領域,other,,admin-ui,shortVerificationUriTooltipHelp,1840,"If set, this value will be returned as verification_uri in the Device Authorization flow. This uri needs to redirect to {server-root}/realms/{realm}/device.",如果設定，這個值將會在裝置授權流程中作為 verification_uri 回傳。這個 URI 需要重導向到 {server-root}/realms/{realm}/device。
Realm,領域,other,,admin-ui,permissionsListIntro,3172,Edit the permission list by clicking the scope-name. It then redirects to the permission details page of the client named <1>{{realm}}</1>,點選範圍名稱以編輯權限清單，接著會重導向到名為 <1>{{realm}}</1> 的用戶端的權限詳細資訊頁面
Realm,領域,other,,admin-ui,tokenTokenUrlHelp,1166,Token endpoint for gathering tokens: keycloak example: http://localhost/auth/realms/my-realm/protocol/openid-connect/token,用於取得權杖的權杖端點，Keycloak 範例：http://localhost/auth/realms/my-realm/protocol/openid-connect/token
tab,分頁,other,,admin-ui,keyTab,1778,Key tab,Keytab
tab,分頁,other,,admin-ui,kerberosKeyTab,2056,Kerberos Key Tab,Kerberos keytab
tab,分頁,other,,admin-ui,validateKeyTab,2866,You must enter a key tab,您必須輸入 KeyTab
tab,分頁,other,,admin-ui,clientPoliciesTab,1113,Client policies tab,用戶端政策頁
attribute,屬性,other,,theme-baseadmin,error-user-attribute-required,60,Please specify attribute {0}.,請提供 {0} 欄位。
attribute,屬性,other,,theme-baseadmin,error-invalid-date,61,Attribute {0} is invalid date.,{0} 是無效的日期。
attribute,屬性,other,,theme-baseadmin,error-user-attribute-read-only,62,Attribute {0} is read only.,{0} 欄位為唯讀。
Claims,聲明,other,,admin-ui,defaultACRValuesHelp,2985,Default values to be used as voluntary ACR in case that there is no explicit ACR requested by 'claims' or 'acr_values' parameter in the OIDC request.,在 OIDC 請求中，如果沒有明確透過「claims」或「acr_values」參數請求 ACR，則用作自願 ACR 的預設值。
Claims,聲明,other,,admin-ui,minimumACRValueHelp,2986,"Minimum ACR to be enforced by Keycloak. Overrides lower ACRs explicitly requested by 'acr_values' or 'claims', unless they are marked as essential.",Keycloak 要強制執行的最低 ACR。會覆寫透過「acr_values」或「claims」明確請求的較低 ACR，除非它們被標記為必要。
Claims,聲明,other,,admin-ui,membershipTypeHelp,4027,The membership type for users added through this identity provider. Managed means the user cannot exist outside this organization. Unmanaged means the user can exist independently. This field is disabled when auto membership is off or when another organization already claims managed membership for this identity provider.,透過此身分提供者加入之使用者的成員資格類型。受管理表示使用者無法在此組織之外存在；不受管理表示使用者可以獨立存在。當自動加入成員關閉，或另一個組織已對此身分提供者使用受管理的成員資格時，此欄位會停用。
consent,同意,other,,theme-baseaccount,consentDenied,195,Consent denied.,拒絕授權。
consent,同意,other,,theme-baselogin,consentDenied,76,Consent denied.,拒絕授權。
consent,同意,other,,theme-baselogin,oauth2DeviceConsentDeniedMessage,151,Consent denied for connecting the device.,裝置連線授權被拒絕。
issuer,簽發者,other,,account-ui,verifiableCredentialsIssuerAlert,197,Was not able to retrieve the issuer information.,無法取得發行者資訊。
issuer,簽發者,other,,admin-ui,credentialOfferRequiredHelp,3911,The Issuer requires a credential offer for this credential configuration.,發行者要求此憑證設定必須透過憑證領取邀請發行。
issuer,簽發者,other,,admin-ui,issuerDid,2246,Issuer DID,發行者 DID
keystore,keystore,other,,admin-ui,keystore,2392,Keystore,Keystore
keystore,keystore,other,,admin-ui,keystorePasswordHelp,458,Password for the keystore,Keystore 密碼
keystore,keystore,other,,admin-ui,keystorePassword,347,Keystore password,Keystore 密碼
protocol,協定,other,,admin-ui,idpInitiatedSsoUrlNameHelp,2585,URL fragment name to reference client when you want to do IDP Initiated SSO. Leaving this empty will disable IDP Initiated SSO. The URL you will reference from your browser will be: {server-root}/realms/{realm}/protocol/saml/clients/{client-url-name}.,在您要進行 IDP 發起的 SSO 時，用來參照用戶端的 URL 片段名稱。留空將停用 IDP 發起的 SSO。您從瀏覽器參照的 URL 為：{server-root}/realms/{realm}/protocol/saml/clients/{client-url-name}。
protocol,協定,other,,admin-ui,jwksUrlHelp,338,"URL where identity provider keys in JWK format are stored. See the JWK specification for more details. If you use an external Keycloak identity provider, you can use a URL such as 'http://broker-keycloak:8180/realms/test/protocol/openid-connect/certs' assuming your brokered Keycloak is running on 'http://broker-keycloak:8180' and its realm is 'test'.",存放 JWK 格式身分提供者金鑰的 URL。更多資訊請參閱 JWK 規範。如果您使用外部 Keycloak 作為身分提供者，並假設您有一個 Keycloak 執行在「http://broker-keycloak:8180」並且有一個對應的領域叫做「test」，您可以使用像是「http://broker-keycloak:8180/realms/test/protocol/openid-connect/certs」的 URL。
protocol,協定,other,,admin-ui,tokenTokenUrlHelp,1166,Token endpoint for gathering tokens: keycloak example: http://localhost/auth/realms/my-realm/protocol/openid-connect/token,用於取得權杖的權杖端點，Keycloak 範例：http://localhost/auth/realms/my-realm/protocol/openid-connect/token
remove,移除,other,,account-ui,unShareAllConfirm,110,Are you sure you want to completely remove all shares?,您確定要完全取消所有共用嗎？
remove,移除,other,,theme-baseaccount,doRemoveSharing,219,Remove Sharing,取消共用
remove,移除,other,,theme-baseaccount,doRemoveRequest,220,Remove Request,取消請求
role,角色,other,,admin-ui,identityProvidersPermissionsHint,1958,Determines if fine grained permissions are enabled for managing this role. Disabling will delete all current permissions that have been set up.,決定是否啟用細緻權限來管理此身分提供者。停用會刪除所有目前已設定的權限。
role,角色,other,,admin-ui,userGroupsRetrieveStrategyHelp,2658,Specify how to retrieve groups of user. LOAD_GROUPS_BY_MEMBER_ATTRIBUTE means that roles of user will be retrieved by sending LDAP query to retrieve all groups where 'member' is our user. GET_GROUPS_FROM_USER_MEMBEROF_ATTRIBUTE means that groups of user will be retrieved from 'memberOf' attribute of our user or from the other attribute specified by 'Member-Of LDAP Attribute'.,指定如何取得使用者的群組。LOAD_GROUPS_BY_MEMBER_ATTRIBUTE 表示透過傳送 LDAP 查詢，取得「member」為此使用者的所有群組。GET_GROUPS_FROM_USER_MEMBEROF_ATTRIBUTE 表示從此使用者的「memberOf」屬性，或「Member-Of LDAP 屬性」指定的其他屬性取得使用者的群組。
role,角色,other,,admin-ui,groupsPermissionsHint,1962,Determines if fine grained permissions are enabled for managing this role. Disabling will delete all current permissions that have been set up.,決定是否啟用細緻權限來管理此群組。停用會刪除所有目前已設定的權限。
token,權杖,other,,admin-ui,jwtAuthorizationGrantEnabledHelp,2954,Enable JSON Web Token (JWT) Profile for OAuth 2.0 Authorization Grant.,啟用 OAuth 2.0 授權許可的 JSON Web Token（JWT）設定檔。
token,權杖,other,,admin-ui,ldapAttributeValueHelp,2711,"Value of the LDAP attribute, which will be added to the new user during registration. You can either hardcode any value like 'foo' but you can also use some special tokens. Only supported token right now is '${RANDOM}', which will be replaced with some randomly generated string.",LDAP 屬性的值，會在註冊時加到新使用者上。您可以硬編碼任何值，例如「foo」，也可以使用特殊代碼。目前唯一支援的代碼是「${RANDOM}」，會被替換成隨機產生的字串。
token,權杖,other,,admin-ui,usermodel.clientRoleMapping.rolePrefix.tooltip,1017,"A prefix for each client role (optional). The special token ${client_id} can be used and this will be replaced by the actual client ID. This is useful especially when you are adding roles from all the clients (Hence 'Client ID' switch is unset) and need to present the client roles as a list, prefixed with the originating client's client ID.",每個用戶端角色的前綴（選用）。可以使用特殊代符 ${client_id}，系統會以實際的用戶端 ID 取代。這在您從所有用戶端新增角色（即未開啟「用戶端 ID」開關），且需要以清單呈現用戶端角色並加上來源用戶端 ID 作為前綴時特別有用。
Client,用戶端,other,,admin-ui,assignRolesTo,1025,Assign {{type}} roles to {{client}},指派 {{type}} 角色給 {{client}}
Client,用戶端,other,,admin-ui,orgainzatinoDeleteError,1626,Could not delete client: {{error}},無法刪除組織：{{error}}
redirect,重導向,other,,admin-ui,optimizeLookup,1852,Optimize REDIRECT signing key lookup,最佳化 REDIRECT 簽署金鑰查找
redirect,重導向,other,,admin-ui,optimizeLookupHelp,3297,"When signing SAML documents in REDIRECT binding for SP that is secured by Keycloak adapter, should the ID of the signing key be included in SAML protocol message in <Extensions> element? This optimizes validation of the signature as the validating party uses a single key instead of trying every known key for validation.",在 REDIRECT 綁定中為受 Keycloak 配接器保護的 SP 簽署 SAML 文件時，是否要在 SAML 協定訊息的 <Extensions> 元素中包含簽署金鑰的 ID？這能最佳化簽章驗證，因為驗證方只需使用單一金鑰，而不必逐一嘗試所有已知金鑰。
Signature,簽章,other,,admin-ui,samlSignatureKeyName,3134,SAML signature key name,SAML 簽署金鑰名稱
Signature,簽章,other,,admin-ui,signatureKeyName,3331,SAML signature key name,SAML 簽署金鑰名稱
account,帳號,other,,admin-ui,effectiveMessageBundlesDescription,1373,"An effective message bundle is the set of translations for a given language, theme, and theme type. It also takes into account any realm overrides, which will take precedence.",生效的訊息包是特定語言、主題和主題類型的翻譯集合，並會納入領域覆寫，且領域覆寫優先。
approve,核准,other,,admin-ui,alwaysDisplayConsentHelp,3982,"When enabled, user consent for this scope is never saved to the database. The consent screen will appear on every authentication, requiring the user to approve access each time. Only clients with ""Consent Required"" enabled can use this scope. Requests from clients without consent requirements will return an error. When disabled, standard behavior applies, user consent is saved and reused across sessions.",啟用後，使用者對此範圍的同意不會儲存到資料庫。每次驗證都會顯示同意畫面，使用者每次都必須同意存取。只有啟用「需要同意」的用戶端可以使用此範圍，未要求同意的用戶端發出的請求會回傳錯誤。停用時採用標準行為：使用者的同意會被儲存，並在不同工作階段間重複使用。
credential offer,憑證領取邀請,other,,theme-baseemail,verifiableCredentialOfferSubject,71,Verifiable Credential Offer,可驗證憑證領取通知
default,預設,other,,admin-ui,clientPolicyModeHelp,3992,"Mode of the client policy. In the mode 'DEFAULT', at least one condition must evaluate to `yes`. None of the conditions must evaluate to `no`. Conditions, which evaluate to `abstain` are ignored. In the 'STRICT' mode, all conditions must evaluate to 'yes' in order for the policy to be applied.",用戶端政策的模式。在「DEFAULT」模式下，至少一個條件必須評估為 `yes`，且沒有任何條件評估為 `no`；評估為 `abstain` 的條件會被忽略。在「STRICT」模式下，所有條件都必須評估為「yes」，政策才會套用。
instructions,說明,other,,theme-baselogin,emailUpdateConfirmationSent,51,A confirmation email has been sent to {0}. You must follow the instructions of the former to complete the email update.,確認郵件已寄送到 {0}。您必須依照郵件中的指示完成電子郵件的更新。
key pair,金鑰對,other,,admin-ui,missingAttributes,1129,"No {{label}} have been defined yet. Click the below button to add {{label}}, key and value are required for a key pair.",尚未定義任何 {{label}}。請點選下方按鈕新增 {{label}}，每組鍵值對都必須填寫鍵與值。
secret,密鑰,other,,admin-ui,samlClientKeyEncryptionAlgorithmHelp,2174,Key transport algorithm used for the client to encrypt the secret key used for encryption. Default value RSA-OAEP-11.,用戶端加密「資料加密金鑰」時使用的金鑰傳輸演算法。預設值為 RSA-OAEP-11。
subject,主體,other,,admin-ui,subjectNameId,2186,Subject NameID,Subject NameID
truststore,truststore,other,,admin-ui,useTruststoreSpi,2083,Use Truststore SPI,使用 Truststore SPI
